{
  "rmse": 0.013439661252290425,
  "mae": 0.008205582306974088,
  "mape": 37.518170636331384,
  "r2": 0.9947832702288839,
  "xgb_rmse": 0.01719007293530169,
  "lgb_rmse": 0.008184326455414897,
  "ensemble_rmse": 0.013439661252290425,
  "train_samples": 9344,
  "test_samples": 2336,
  "n_features": 24,
  "best_model": "ensemble",
  "training_date": "2026-03-07T00:26:33.586324",
  "cv_mean": 0.010148731735011312,
  "cv_std": 0.0024576897091061803
}